timestamp,datetime,dynamics.fl_steer_angle
1750298699.292062,2025-06-18 21:04:59.292,3.587
1750298699.3124611,2025-06-18 21:04:59.312,3.67
1750298699.3240352,2025-06-18 21:04:59.324,3.7110000000000003
1750298699.3348238,2025-06-18 21:04:59.334,3.749
1750298699.347402,2025-06-18 21:04:59.347,3.793
1750298699.358891,2025-06-18 21:04:59.358,3.834
1750298699.371447,2025-06-18 21:04:59.371,3.878
1750298699.383991,2025-06-18 21:04:59.383,3.922
1750298699.3965309,2025-06-18 21:04:59.396,3.9650000000000003
1750298699.408823,2025-06-18 21:04:59.408,4.008
1750298699.421398,2025-06-18 21:04:59.421,4.051
1750298699.433942,2025-06-18 21:04:59.433,4.094
1750298699.446473,2025-06-18 21:04:59.446,4.1370000000000005
1750298699.458781,2025-06-18 21:04:59.458,4.179
1750298699.471319,2025-06-18 21:04:59.471,4.222
1750298699.4822059,2025-06-18 21:04:59.482,4.259
1750298699.494739,2025-06-18 21:04:59.494,4.301
1750298699.507267,2025-06-18 21:04:59.507,4.344
1750298699.520042,2025-06-18 21:04:59.520,4.386
1750298699.532612,2025-06-18 21:04:59.532,4.428
1750298699.5451899,2025-06-18 21:04:59.545,4.47
1750298699.557728,2025-06-18 21:04:59.557,4.5120000000000005
1750298699.5703611,2025-06-18 21:04:59.570,4.553
1750298699.584075,2025-06-18 21:04:59.584,4.598
1750298699.596589,2025-06-18 21:04:59.596,4.639
1750298699.608928,2025-06-18 21:04:59.608,4.679
1750298699.622134,2025-06-18 21:04:59.622,4.722
1750298699.6336179,2025-06-18 21:04:59.633,4.759
1750298699.646222,2025-06-18 21:04:59.646,4.799
1750298699.657859,2025-06-18 21:04:59.657,4.837
1750298699.66902,2025-06-18 21:04:59.669,4.872
1750298699.680088,2025-06-18 21:04:59.680,4.907
1750298699.692168,2025-06-18 21:04:59.692,4.945
1750298699.704372,2025-06-18 21:04:59.704,4.9830000000000005
1750298699.716955,2025-06-18 21:04:59.716,5.023
1750298699.729789,2025-06-18 21:04:59.729,5.063
1750298699.741544,2025-06-18 21:04:59.741,5.099
1750298699.7542,2025-06-18 21:04:59.754,5.138
1750298699.766162,2025-06-18 21:04:59.766,5.174
1750298699.778761,2025-06-18 21:04:59.778,5.213
1750298699.7913501,2025-06-18 21:04:59.791,5.251
1750298699.802607,2025-06-18 21:04:59.802,5.285
1750298699.815146,2025-06-18 21:04:59.815,5.322
1750298699.826838,2025-06-18 21:04:59.826,5.357
1750298699.839273,2025-06-18 21:04:59.839,5.394
1750298699.851841,2025-06-18 21:04:59.851,5.431
1750298699.864405,2025-06-18 21:04:59.864,5.468
1750298699.874512,2025-06-18 21:04:59.874,5.497
1750298699.8846238,2025-06-18 21:04:59.884,5.526
1750298699.897181,2025-06-18 21:04:59.897,5.563
1750298699.9084952,2025-06-18 21:04:59.908,5.595
1750298699.920369,2025-06-18 21:04:59.920,5.6290000000000004
1750298699.932906,2025-06-18 21:04:59.932,5.665
1750298699.946296,2025-06-18 21:04:59.946,5.702
1750298699.959048,2025-06-18 21:04:59.959,5.738
1750298699.9737952,2025-06-18 21:04:59.973,5.779
1750298699.9868212,2025-06-18 21:04:59.986,5.815
1750298700.00084,2025-06-18 21:05:00.000,5.853
1750298700.01341,2025-06-18 21:05:00.013,5.8870000000000005
1750298700.0254788,2025-06-18 21:05:00.025,5.92
1750298700.038056,2025-06-18 21:05:00.038,5.953
1750298700.049685,2025-06-18 21:05:00.049,5.984
1750298700.0622761,2025-06-18 21:05:00.062,6.018
1750298700.072823,2025-06-18 21:05:00.072,6.045
1750298700.085388,2025-06-18 21:05:00.085,6.078
1750298700.096983,2025-06-18 21:05:00.096,6.1080000000000005
1750298700.1087801,2025-06-18 21:05:00.108,6.139
1750298700.121396,2025-06-18 21:05:00.121,6.171
1750298700.133292,2025-06-18 21:05:00.133,6.2010000000000005
1750298700.1459022,2025-06-18 21:05:00.145,6.2330000000000005
1750298700.159434,2025-06-18 21:05:00.159,6.266
1750298700.17008,2025-06-18 21:05:00.170,6.293
1750298700.182741,2025-06-18 21:05:00.182,6.324
1750298700.195683,2025-06-18 21:05:00.195,6.355
1750298700.207842,2025-06-18 21:05:00.207,6.385
1750298700.220431,2025-06-18 21:05:00.220,6.415
1750298700.230869,2025-06-18 21:05:00.230,6.44
1750298700.241279,2025-06-18 21:05:00.241,6.464
1750298700.254061,2025-06-18 21:05:00.254,6.494
1750298700.273729,2025-06-18 21:05:00.273,6.522
1750298700.2850182,2025-06-18 21:05:00.285,6.566
1750298700.2973912,2025-06-18 21:05:00.297,6.594
1750298700.307555,2025-06-18 21:05:00.307,6.617
1750298700.320111,2025-06-18 21:05:00.320,6.6450000000000005
1750298700.33266,2025-06-18 21:05:00.332,6.673
1750298700.345252,2025-06-18 21:05:00.345,6.7010000000000005
1750298700.360072,2025-06-18 21:05:00.360,6.728
1750298700.372586,2025-06-18 21:05:00.372,6.76
1750298700.384785,2025-06-18 21:05:00.384,6.7860000000000005
1750298700.3973188,2025-06-18 21:05:00.397,6.812
1750298700.408855,2025-06-18 21:05:00.408,6.836
1750298700.42141,2025-06-18 21:05:00.421,6.862
1750298700.4339578,2025-06-18 21:05:00.433,6.888
1750298700.44632,2025-06-18 21:05:00.446,6.913
1750298700.458866,2025-06-18 21:05:00.458,6.938
1750298700.471478,2025-06-18 21:05:00.471,6.963
1750298700.482235,2025-06-18 21:05:00.482,6.984
1750298700.494093,2025-06-18 21:05:00.494,7.007000000000001
1750298700.506724,2025-06-18 21:05:00.506,7.031000000000001
1750298700.519364,2025-06-18 21:05:00.519,7.055
1750298700.5319738,2025-06-18 21:05:00.531,7.079
1750298700.542175,2025-06-18 21:05:00.542,7.098
1750298700.552863,2025-06-18 21:05:00.552,7.117
1750298700.564436,2025-06-18 21:05:00.564,7.138
1750298700.5770571,2025-06-18 21:05:00.577,7.1610000000000005
1750298700.6120791,2025-06-18 21:05:00.612,7.188
1750298700.624097,2025-06-18 21:05:00.624,7.243
1750298700.636686,2025-06-18 21:05:00.636,7.264
1750298700.647273,2025-06-18 21:05:00.647,7.282
1750298700.6588302,2025-06-18 21:05:00.658,7.301
1750298700.671416,2025-06-18 21:05:00.671,7.321
1750298700.6828082,2025-06-18 21:05:00.682,7.34
1750298700.695883,2025-06-18 21:05:00.695,7.36
1750298700.708477,2025-06-18 21:05:00.708,7.38
1750298700.721053,2025-06-18 21:05:00.721,7.399
1750298700.73207,2025-06-18 21:05:00.732,7.416
1750298700.74495,2025-06-18 21:05:00.744,7.4350000000000005
1750298700.757515,2025-06-18 21:05:00.757,7.453
1750298700.770061,2025-06-18 21:05:00.770,7.471
1750298700.782596,2025-06-18 21:05:00.782,7.489
1750298700.795129,2025-06-18 21:05:00.795,7.507000000000001
1750298700.80779,2025-06-18 21:05:00.807,7.524
1750298700.820394,2025-06-18 21:05:00.820,7.541
1750298700.8329432,2025-06-18 21:05:00.832,7.558
1750298700.843909,2025-06-18 21:05:00.843,7.572
1750298700.856464,2025-06-18 21:05:00.856,7.588
1750298700.869038,2025-06-18 21:05:00.869,7.604
1750298700.8815958,2025-06-18 21:05:00.881,7.619
1750298700.892139,2025-06-18 21:05:00.892,7.632000000000001
1750298700.9048178,2025-06-18 21:05:00.904,7.647
1750298700.9162939,2025-06-18 21:05:00.916,7.66
1750298700.9289029,2025-06-18 21:05:00.928,7.675
1750298700.94149,2025-06-18 21:05:00.941,7.689
1750298700.954155,2025-06-18 21:05:00.954,7.702
1750298700.966749,2025-06-18 21:05:00.966,7.716
1750298700.979302,2025-06-18 21:05:00.979,7.729
1750298700.9919062,2025-06-18 21:05:00.991,7.742
1750298701.004451,2025-06-18 21:05:01.004,7.7540000000000004
1750298701.0170062,2025-06-18 21:05:01.017,7.767
1750298701.028517,2025-06-18 21:05:01.028,7.777
1750298701.0411031,2025-06-18 21:05:01.041,7.789000000000001
1750298701.053679,2025-06-18 21:05:01.053,7.8
1750298701.06632,2025-06-18 21:05:01.066,7.811
1750298701.078896,2025-06-18 21:05:01.078,7.822
1750298701.09146,2025-06-18 21:05:01.091,7.832
1750298701.1031868,2025-06-18 21:05:01.103,7.8420000000000005
1750298701.1157608,2025-06-18 21:05:01.115,7.852
1750298701.128315,2025-06-18 21:05:01.128,7.861
1750298701.141166,2025-06-18 21:05:01.141,7.87
1750298701.153735,2025-06-18 21:05:01.153,7.8790000000000004
1750298701.166293,2025-06-18 21:05:01.166,7.888
1750298701.1782231,2025-06-18 21:05:01.178,7.896
1750298701.1908102,2025-06-18 21:05:01.190,7.904
1750298701.20336,2025-06-18 21:05:01.203,7.9110000000000005
1750298701.215917,2025-06-18 21:05:01.215,7.918
1750298701.2284758,2025-06-18 21:05:01.228,7.925
1750298701.240253,2025-06-18 21:05:01.240,7.932
1750298701.252179,2025-06-18 21:05:01.252,7.938
1750298701.264729,2025-06-18 21:05:01.264,7.944
1750298701.275603,2025-06-18 21:05:01.275,7.949
1750298701.28643,2025-06-18 21:05:01.286,7.954
1750298701.299009,2025-06-18 21:05:01.299,7.9590000000000005
1750298701.3115819,2025-06-18 21:05:01.311,7.964
1750298701.3241699,2025-06-18 21:05:01.324,7.968
1750298701.334718,2025-06-18 21:05:01.334,7.972
1750298701.347604,2025-06-18 21:05:01.347,7.976
1750298701.360224,2025-06-18 21:05:01.360,7.98
1750298701.372355,2025-06-18 21:05:01.372,7.9830000000000005
1750298701.384941,2025-06-18 21:05:01.384,7.986
1750298701.395095,2025-06-18 21:05:01.395,7.988
1750298701.407684,2025-06-18 21:05:01.407,7.9910000000000005
1750298701.420251,2025-06-18 21:05:01.420,7.993
1750298701.4327948,2025-06-18 21:05:01.432,7.995
1750298701.445365,2025-06-18 21:05:01.445,7.996
1750298701.458246,2025-06-18 21:05:01.458,7.998
1750298701.4708018,2025-06-18 21:05:01.470,7.9990000000000006
1750298701.4832761,2025-06-18 21:05:01.483,7.9990000000000006
1750298701.4947789,2025-06-18 21:05:01.494,7.9990000000000006
1750298701.50733,2025-06-18 21:05:01.507,7.9990000000000006
1750298701.519478,2025-06-18 21:05:01.519,7.9990000000000006
1750298701.532054,2025-06-18 21:05:01.532,7.9990000000000006
1750298701.543742,2025-06-18 21:05:01.543,7.998
1750298701.5563269,2025-06-18 21:05:01.556,7.996
1750298701.569083,2025-06-18 21:05:01.569,7.995
1750298701.581652,2025-06-18 21:05:01.581,7.993
1750298701.596287,2025-06-18 21:05:01.596,7.99
1750298701.608792,2025-06-18 21:05:01.608,7.988
1750298701.62137,2025-06-18 21:05:01.621,7.985
1750298701.633934,2025-06-18 21:05:01.633,7.982
1750298701.6465569,2025-06-18 21:05:01.646,7.978
1750298701.657724,2025-06-18 21:05:01.657,7.9750000000000005
1750298701.668538,2025-06-18 21:05:01.668,7.971
1750298701.681143,2025-06-18 21:05:01.681,7.9670000000000005
1750298701.693772,2025-06-18 21:05:01.693,7.962
1750298701.706364,2025-06-18 21:05:01.706,7.957
1750298701.71899,2025-06-18 21:05:01.718,7.952
1750298701.731622,2025-06-18 21:05:01.731,7.946
1750298701.744459,2025-06-18 21:05:01.744,7.94
1750298701.7571058,2025-06-18 21:05:01.757,7.934
1750298701.767292,2025-06-18 21:05:01.767,7.929
1750298701.784938,2025-06-18 21:05:01.784,7.9190000000000005
1750298701.7975428,2025-06-18 21:05:01.797,7.912
1750298701.810098,2025-06-18 21:05:01.810,7.904
1750298701.822635,2025-06-18 21:05:01.822,7.896
1750298701.835166,2025-06-18 21:05:01.835,7.888
1750298701.847795,2025-06-18 21:05:01.847,7.8790000000000004
1750298701.8592331,2025-06-18 21:05:01.859,7.871
1750298701.8710558,2025-06-18 21:05:01.871,7.863
1750298701.882913,2025-06-18 21:05:01.882,7.854
1750298701.895529,2025-06-18 21:05:01.895,7.844
1750298701.90815,2025-06-18 21:05:01.908,7.8340000000000005
1750298701.9207911,2025-06-18 21:05:01.920,7.824
1750298701.932847,2025-06-18 21:05:01.932,7.814
1750298701.945466,2025-06-18 21:05:01.945,7.803
1750298701.958105,2025-06-18 21:05:01.958,7.791
1750298701.970891,2025-06-18 21:05:01.970,7.78
1750298701.9817998,2025-06-18 21:05:01.981,7.769
1750298702.008234,2025-06-18 21:05:02.008,7.743
1750298702.0204601,2025-06-18 21:05:02.020,7.731
1750298702.033041,2025-06-18 21:05:02.033,7.718
1750298702.045604,2025-06-18 21:05:02.045,7.705
1750298702.057827,2025-06-18 21:05:02.057,7.691
1750298702.070418,2025-06-18 21:05:02.070,7.6770000000000005
1750298702.083033,2025-06-18 21:05:02.083,7.663
1750298702.094319,2025-06-18 21:05:02.094,7.65
1750298702.104779,2025-06-18 21:05:02.104,7.638
1750298702.1160681,2025-06-18 21:05:02.116,7.6240000000000006
1750298702.126627,2025-06-18 21:05:02.126,7.611
1750298702.139285,2025-06-18 21:05:02.139,7.595
1750298702.1518872,2025-06-18 21:05:02.151,7.579
1750298702.164503,2025-06-18 21:05:02.164,7.563
1750298702.176575,2025-06-18 21:05:02.176,7.547000000000001
1750298702.1891892,2025-06-18 21:05:02.189,7.53
1750298702.200223,2025-06-18 21:05:02.200,7.515000000000001
1750298702.2120478,2025-06-18 21:05:02.212,7.4990000000000006
1750298702.2237408,2025-06-18 21:05:02.223,7.4830000000000005
1750298702.2357812,2025-06-18 21:05:02.235,7.465
1750298702.248495,2025-06-18 21:05:02.248,7.447
1750298702.2611148,2025-06-18 21:05:02.261,7.429
1750298702.279605,2025-06-18 21:05:02.279,7.402
1750298702.292212,2025-06-18 21:05:02.292,7.381
1750298702.304368,2025-06-18 21:05:02.304,7.363
1750298702.315606,2025-06-18 21:05:02.315,7.345
1750298702.328188,2025-06-18 21:05:02.328,7.325
1750298702.3407922,2025-06-18 21:05:02.340,7.304
1750298702.3511271,2025-06-18 21:05:02.351,7.287
1750298702.363737,2025-06-18 21:05:02.363,7.266
1750298702.3770728,2025-06-18 21:05:02.377,7.244
1750298702.3896801,2025-06-18 21:05:02.389,7.222
1750298702.402275,2025-06-18 21:05:02.402,7.2010000000000005
1750298702.413493,2025-06-18 21:05:02.413,7.181
1750298702.4253418,2025-06-18 21:05:02.425,7.16
1750298702.437991,2025-06-18 21:05:02.437,7.1370000000000005
1750298702.4506571,2025-06-18 21:05:02.450,7.114
1750298702.463302,2025-06-18 21:05:02.463,7.091
1750298702.474238,2025-06-18 21:05:02.474,7.071
1750298702.486069,2025-06-18 21:05:02.486,7.048
1750298702.498667,2025-06-18 21:05:02.498,7.024
1750298702.508916,2025-06-18 21:05:02.508,7.005
1750298702.521122,2025-06-18 21:05:02.521,6.981
1750298702.5337348,2025-06-18 21:05:02.533,6.956
1750298702.546356,2025-06-18 21:05:02.546,6.931
1750298702.558632,2025-06-18 21:05:02.558,6.906000000000001
1750298702.571281,2025-06-18 21:05:02.571,6.881
1750298702.582824,2025-06-18 21:05:02.582,6.857
1750298702.5954292,2025-06-18 21:05:02.595,6.831
1750298702.6134038,2025-06-18 21:05:02.613,6.793
1750298702.627763,2025-06-18 21:05:02.627,6.763
1750298702.640327,2025-06-18 21:05:02.640,6.736
1750298702.652962,2025-06-18 21:05:02.652,6.7090000000000005
1750298702.665626,2025-06-18 21:05:02.665,6.681
1750298702.67722,2025-06-18 21:05:02.677,6.655
1750298702.687943,2025-06-18 21:05:02.687,6.631
1750298702.7005272,2025-06-18 21:05:02.700,6.603
1750298702.713135,2025-06-18 21:05:02.713,6.574
1750298702.725757,2025-06-18 21:05:02.725,6.545
1750298702.7370691,2025-06-18 21:05:02.737,6.519
1750298702.748254,2025-06-18 21:05:02.748,6.493
1750298702.758871,2025-06-18 21:05:02.758,6.469
1750298702.770454,2025-06-18 21:05:02.770,6.441
1750298702.783079,2025-06-18 21:05:02.783,6.4110000000000005
1750298702.793716,2025-06-18 21:05:02.793,6.385
1750298702.8063738,2025-06-18 21:05:02.806,6.355
1750298702.8180952,2025-06-18 21:05:02.818,6.3260000000000005
1750298702.830705,2025-06-18 21:05:02.830,6.295
1750298702.843782,2025-06-18 21:05:02.843,6.263
1750298702.854078,2025-06-18 21:05:02.854,6.237
1750298702.8666408,2025-06-18 21:05:02.866,6.206
1750298702.879392,2025-06-18 21:05:02.879,6.173
1750298702.891263,2025-06-18 21:05:02.891,6.143
1750298702.901609,2025-06-18 21:05:02.901,6.1160000000000005
1750298702.911795,2025-06-18 21:05:02.911,6.09
1750298702.9243891,2025-06-18 21:05:02.924,6.057
1750298702.9358988,2025-06-18 21:05:02.935,6.027
1750298702.9481332,2025-06-18 21:05:02.948,5.995
1750298702.9607701,2025-06-18 21:05:02.960,5.961
1750298702.972244,2025-06-18 21:05:02.972,5.93
1750298702.984972,2025-06-18 21:05:02.984,5.896
1750298702.996027,2025-06-18 21:05:02.996,5.8660000000000005
1750298703.008851,2025-06-18 21:05:03.008,5.832
1750298703.021545,2025-06-18 21:05:03.021,5.796
1750298703.0333009,2025-06-18 21:05:03.033,5.764
1750298703.045969,2025-06-18 21:05:03.045,5.729
1750298703.060089,2025-06-18 21:05:03.060,5.689
1750298703.078284,2025-06-18 21:05:03.078,5.638
1750298703.090936,2025-06-18 21:05:03.090,5.602
1750298703.103552,2025-06-18 21:05:03.103,5.565
1750298703.1161559,2025-06-18 21:05:03.116,5.529
1750298703.129365,2025-06-18 21:05:03.129,5.4910000000000005
1750298703.1409001,2025-06-18 21:05:03.140,5.458
1750298703.152747,2025-06-18 21:05:03.152,5.424
1750298703.170789,2025-06-18 21:05:03.170,5.37
1750298703.184064,2025-06-18 21:05:03.184,5.33
1750298703.196961,2025-06-18 21:05:03.196,5.292
1750298703.207214,2025-06-18 21:05:03.207,5.26
1750298703.220555,2025-06-18 21:05:03.220,5.221
1750298703.235947,2025-06-18 21:05:03.235,5.181
1750298703.247152,2025-06-18 21:05:03.247,5.139
1750298703.25935,2025-06-18 21:05:03.259,5.102
1750298703.2726772,2025-06-18 21:05:03.272,5.0600000000000005
1750298703.289637,2025-06-18 21:05:03.289,5.007
1750298703.3011808,2025-06-18 21:05:03.301,4.9750000000000005
1750298703.311483,2025-06-18 21:05:03.311,4.939
1750298703.324208,2025-06-18 21:05:03.324,4.899
1750298703.336994,2025-06-18 21:05:03.336,4.8580000000000005
1750298703.349343,2025-06-18 21:05:03.349,4.819
1750298703.359807,2025-06-18 21:05:03.359,4.7860000000000005
1750298703.3708632,2025-06-18 21:05:03.370,4.75
1750298703.3810282,2025-06-18 21:05:03.381,4.7170000000000005
1750298703.3921568,2025-06-18 21:05:03.392,4.681
1750298703.40473,2025-06-18 21:05:03.404,4.64
1750298703.415523,2025-06-18 21:05:03.415,4.605
1750298703.427862,2025-06-18 21:05:03.427,4.565
1750298703.439415,2025-06-18 21:05:03.439,4.527
1750298703.451999,2025-06-18 21:05:03.451,4.485
1750298703.4645839,2025-06-18 21:05:03.464,4.4430000000000005
1750298703.475578,2025-06-18 21:05:03.475,4.407
1750298703.488265,2025-06-18 21:05:03.488,4.364
1750298703.503086,2025-06-18 21:05:03.503,4.314
1750298703.515069,2025-06-18 21:05:03.515,4.274
1750298703.5267851,2025-06-18 21:05:03.526,4.234
1750298703.539446,2025-06-18 21:05:03.539,4.191
1750298703.555548,2025-06-18 21:05:03.555,4.147
1750298703.573621,2025-06-18 21:05:03.573,4.074
1750298703.609569,2025-06-18 21:05:03.609,3.95
1750298703.7333062,2025-06-18 21:05:03.733,3.512
1750298703.747034,2025-06-18 21:05:03.747,3.464
1750298703.7609742,2025-06-18 21:05:03.760,3.412
1750298703.772587,2025-06-18 21:05:03.772,3.371
1750298703.785165,2025-06-18 21:05:03.785,3.3240000000000003
1750298703.79539,2025-06-18 21:05:03.795,3.287
1750298703.8080032,2025-06-18 21:05:03.808,3.241
1750298703.820566,2025-06-18 21:05:03.820,3.1950000000000003
1750298703.833102,2025-06-18 21:05:03.833,3.149
1750298703.843511,2025-06-18 21:05:03.843,3.111
1750298703.855565,2025-06-18 21:05:03.855,3.0660000000000003
1750298703.868143,2025-06-18 21:05:03.868,3.02
1750298703.878606,2025-06-18 21:05:03.878,2.981
1750298703.8911371,2025-06-18 21:05:03.891,2.934
1750298703.903662,2025-06-18 21:05:03.903,2.888
1750298703.916181,2025-06-18 21:05:03.916,2.841
1750298703.928714,2025-06-18 21:05:03.928,2.794
1750298703.941257,2025-06-18 21:05:03.941,2.747
1750298703.953789,2025-06-18 21:05:03.953,2.7
1750298703.966658,2025-06-18 21:05:03.966,2.6510000000000002
1750298703.979221,2025-06-18 21:05:03.979,2.604
1750298703.99187,2025-06-18 21:05:03.991,2.556
1750298704.004446,2025-06-18 21:05:04.004,2.508
1750298704.016997,2025-06-18 21:05:04.016,2.461
1750298704.029536,2025-06-18 21:05:04.029,2.4130000000000003
1750298704.042092,2025-06-18 21:05:04.042,2.365
1750298704.054378,2025-06-18 21:05:04.054,2.318
1750298704.0664032,2025-06-18 21:05:04.066,2.2720000000000002
1750298704.07911,2025-06-18 21:05:04.079,2.223
1750298704.0917928,2025-06-18 21:05:04.091,2.174
1750298704.1043499,2025-06-18 21:05:04.104,2.126
1750298704.117005,2025-06-18 21:05:04.117,2.077
1750298704.129153,2025-06-18 21:05:04.129,2.0300000000000002
1750298704.151357,2025-06-18 21:05:04.151,1.97
1750298704.164203,2025-06-18 21:05:04.164,1.8940000000000001
1750298704.1772501,2025-06-18 21:05:04.177,1.843
1750298704.190067,2025-06-18 21:05:04.190,1.794
1750298704.204319,2025-06-18 21:05:04.204,1.738
1750298704.217013,2025-06-18 21:05:04.217,1.689
1750298704.2298691,2025-06-18 21:05:04.229,1.6380000000000001
1750298704.2441752,2025-06-18 21:05:04.244,1.592
1750298704.256669,2025-06-18 21:05:04.256,1.5330000000000001
1750298704.269262,2025-06-18 21:05:04.269,1.484
1750298704.28624,2025-06-18 21:05:04.286,1.442
1750298704.333932,2025-06-18 21:05:04.333,1.2690000000000001
1750298704.34656,2025-06-18 21:05:04.346,1.179
1750298704.3592541,2025-06-18 21:05:04.359,1.129
1750298704.3698182,2025-06-18 21:05:04.369,1.088
1750298704.3830972,2025-06-18 21:05:04.383,1.038
1750298704.394366,2025-06-18 21:05:04.394,0.993
1750298704.408482,2025-06-18 21:05:04.408,0.933
1750298704.43565,2025-06-18 21:05:04.435,0.8250000000000001
1750298704.4649642,2025-06-18 21:05:04.464,0.71
1750298704.47575,2025-06-18 21:05:04.475,0.666
1750298704.487265,2025-06-18 21:05:04.487,0.62
1750298704.499527,2025-06-18 21:05:04.499,0.5710000000000001
1750298704.510155,2025-06-18 21:05:04.510,0.53
1750298704.520464,2025-06-18 21:05:04.520,0.488
1750298704.538774,2025-06-18 21:05:04.538,0.41400000000000003
1750298704.636443,2025-06-18 21:05:04.636,0.081
1750298704.6602602,2025-06-18 21:05:04.660,-0.07
1750298704.678447,2025-06-18 21:05:04.678,-0.14300000000000002
1750298704.688769,2025-06-18 21:05:04.688,-0.184
1750298704.699383,2025-06-18 21:05:04.699,-0.227
1750298704.7426162,2025-06-18 21:05:04.742,-0.354
1750298704.826577,2025-06-18 21:05:04.826,-0.735
1750298704.848398,2025-06-18 21:05:04.848,-0.788
1750298704.8669388,2025-06-18 21:05:04.866,-0.896
1750298704.878617,2025-06-18 21:05:04.878,-0.9420000000000001
1750298704.894014,2025-06-18 21:05:04.894,-1.002
1750298704.907152,2025-06-18 21:05:04.907,-1.055
1750298704.920081,2025-06-18 21:05:04.920,-1.105
1750298704.932684,2025-06-18 21:05:04.932,-1.156
1750298704.9446552,2025-06-18 21:05:04.944,-1.203
1750298704.957233,2025-06-18 21:05:04.957,-1.254
1750298704.970332,2025-06-18 21:05:04.970,-1.304
1750298704.9817548,2025-06-18 21:05:04.981,-1.35
1750298704.993193,2025-06-18 21:05:04.993,-1.395
1750298705.0084999,2025-06-18 21:05:05.008,-1.441
1750298705.02128,2025-06-18 21:05:05.021,-1.506
1750298705.0328069,2025-06-18 21:05:05.032,-1.551
1750298705.045388,2025-06-18 21:05:05.045,-1.6
1750298705.056482,2025-06-18 21:05:05.056,-1.6440000000000001
1750298705.0690691,2025-06-18 21:05:05.069,-1.693
1750298705.0802839,2025-06-18 21:05:05.080,-1.737
1750298705.092225,2025-06-18 21:05:05.092,-1.7830000000000001
1750298705.102418,2025-06-18 21:05:05.102,-1.823
1750298705.114986,2025-06-18 21:05:05.114,-1.872
1750298705.125519,2025-06-18 21:05:05.125,-1.913
1750298705.1364238,2025-06-18 21:05:05.136,-1.955
1750298705.1482198,2025-06-18 21:05:05.148,-2.001
1750298705.158751,2025-06-18 21:05:05.158,-2.0420000000000003
1750298705.1713128,2025-06-18 21:05:05.171,-2.09
1750298705.184103,2025-06-18 21:05:05.184,-2.14
1750298705.196661,2025-06-18 21:05:05.196,-2.188
1750298705.20879,2025-06-18 21:05:05.208,-2.235
1750298705.21991,2025-06-18 21:05:05.219,-2.277
1750298705.230963,2025-06-18 21:05:05.230,-2.32
1750298705.2426088,2025-06-18 21:05:05.242,-2.364
1750298705.255229,2025-06-18 21:05:05.255,-2.412
1750298705.267841,2025-06-18 21:05:05.267,-2.46
1750298705.2782872,2025-06-18 21:05:05.278,-2.5
1750298705.2911732,2025-06-18 21:05:05.291,-2.549
1750298705.303796,2025-06-18 21:05:05.303,-2.597
1750298705.316406,2025-06-18 21:05:05.316,-2.645
1750298705.329015,2025-06-18 21:05:05.329,-2.692
1750298705.341407,2025-06-18 21:05:05.341,-2.739
1750298705.353099,2025-06-18 21:05:05.353,-2.783
1750298705.364684,2025-06-18 21:05:05.364,-2.826
1750298705.3756008,2025-06-18 21:05:05.375,-2.866
1750298705.387388,2025-06-18 21:05:05.387,-2.911
1750298705.399559,2025-06-18 21:05:05.399,-2.956
1750298705.414109,2025-06-18 21:05:05.414,-3.007
1750298705.4258711,2025-06-18 21:05:05.425,-3.0540000000000003
1750298705.43848,2025-06-18 21:05:05.438,-3.1
1750298705.4495869,2025-06-18 21:05:05.449,-3.141
1750298705.4622269,2025-06-18 21:05:05.462,-3.1870000000000003
1750298705.474685,2025-06-18 21:05:05.474,-3.233
1750298705.4853601,2025-06-18 21:05:05.485,-3.2720000000000002
1750298705.500874,2025-06-18 21:05:05.500,-3.327
1750298705.5145862,2025-06-18 21:05:05.514,-3.3770000000000002
1750298705.527335,2025-06-18 21:05:05.527,-3.4250000000000003
1750298705.5383081,2025-06-18 21:05:05.538,-3.464
1750298705.55088,2025-06-18 21:05:05.550,-3.5100000000000002
1750298705.5610418,2025-06-18 21:05:05.561,-3.5460000000000003
1750298705.572913,2025-06-18 21:05:05.572,-3.589
1750298705.585475,2025-06-18 21:05:05.585,-3.633
1750298705.596533,2025-06-18 21:05:05.596,-3.673
1750298705.6090639,2025-06-18 21:05:05.609,-3.717
1750298705.621832,2025-06-18 21:05:05.621,-3.763
1750298705.633224,2025-06-18 21:05:05.633,-3.803
1750298705.645793,2025-06-18 21:05:05.645,-3.847
1750298705.65626,2025-06-18 21:05:05.656,-3.883
1750298705.66891,2025-06-18 21:05:05.668,-3.928
1750298705.685889,2025-06-18 21:05:05.685,-3.986
1750298705.698157,2025-06-18 21:05:05.698,-4.029
1750298705.7088552,2025-06-18 21:05:05.708,-4.066
1750298705.721108,2025-06-18 21:05:05.721,-4.108
1750298705.7342951,2025-06-18 21:05:05.734,-4.152
1750298705.7469492,2025-06-18 21:05:05.746,-4.196
1750298705.758034,2025-06-18 21:05:05.758,-4.233
1750298705.7706509,2025-06-18 21:05:05.770,-4.277
1750298705.781593,2025-06-18 21:05:05.781,-4.314
1750298705.793018,2025-06-18 21:05:05.793,-4.352
1750298705.805695,2025-06-18 21:05:05.805,-4.3950000000000005
1750298705.81828,2025-06-18 21:05:05.818,-4.437
1750298705.8356538,2025-06-18 21:05:05.835,-4.494
1750298705.8462741,2025-06-18 21:05:05.846,-4.529
1750298705.858774,2025-06-18 21:05:05.858,-4.57
1750298705.87144,2025-06-18 21:05:05.871,-4.612
1750298705.8841228,2025-06-18 21:05:05.884,-4.6530000000000005
1750298705.8954198,2025-06-18 21:05:05.895,-4.69
1750298705.905777,2025-06-18 21:05:05.905,-4.723
1750298705.91847,2025-06-18 21:05:05.918,-4.764
1750298705.931165,2025-06-18 21:05:05.931,-4.805
1750298705.943774,2025-06-18 21:05:05.943,-4.845
1750298705.9568698,2025-06-18 21:05:05.956,-4.886
1750298705.968532,2025-06-18 21:05:05.968,-4.924
1750298705.981144,2025-06-18 21:05:05.981,-4.963
1750298705.992624,2025-06-18 21:05:05.992,-4.998
1750298706.005332,2025-06-18 21:05:06.005,-5.039
1750298706.0157719,2025-06-18 21:05:06.015,-5.071
1750298706.028357,2025-06-18 21:05:06.028,-5.11
1750298706.040938,2025-06-18 21:05:06.040,-5.149
1750298706.0535161,2025-06-18 21:05:06.053,-5.187
1750298706.066306,2025-06-18 21:05:06.066,-5.226
1750298706.078892,2025-06-18 21:05:06.078,-5.264
1750298706.091016,2025-06-18 21:05:06.091,-5.3
1750298706.103605,2025-06-18 21:05:06.103,-5.338
1750298706.11617,2025-06-18 21:05:06.116,-5.375
1750298706.1287732,2025-06-18 21:05:06.128,-5.412
1750298706.1413891,2025-06-18 21:05:06.141,-5.449
1750298706.153991,2025-06-18 21:05:06.153,-5.486
1750298706.1668422,2025-06-18 21:05:06.166,-5.524
1750298706.179459,2025-06-18 21:05:06.179,-5.5600000000000005
1750298706.1912692,2025-06-18 21:05:06.191,-5.594
1750298706.203928,2025-06-18 21:05:06.203,-5.63
1750298706.214637,2025-06-18 21:05:06.214,-5.66
1750298706.225429,2025-06-18 21:05:06.225,-5.691
1750298706.238045,2025-06-18 21:05:06.238,-5.726
1750298706.249923,2025-06-18 21:05:06.249,-5.759
1750298706.2625039,2025-06-18 21:05:06.262,-5.7940000000000005
1750298706.275506,2025-06-18 21:05:06.275,-5.83
1750298706.2881112,2025-06-18 21:05:06.288,-5.864
1750298706.2995121,2025-06-18 21:05:06.299,-5.8950000000000005
1750298706.3121102,2025-06-18 21:05:06.312,-5.929
1750298706.323972,2025-06-18 21:05:06.323,-5.961
1750298706.336568,2025-06-18 21:05:06.336,-5.994
1750298706.3476841,2025-06-18 21:05:06.347,-6.024
1750298706.360273,2025-06-18 21:05:06.360,-6.057
1750298706.371799,2025-06-18 21:05:06.371,-6.087
1750298706.38979,2025-06-18 21:05:06.389,-6.122
1750298706.4005911,2025-06-18 21:05:06.400,-6.1610000000000005
1750298706.411329,2025-06-18 21:05:06.411,-6.188
1750298706.423899,2025-06-18 21:05:06.423,-6.22
1750298706.436481,2025-06-18 21:05:06.436,-6.251
1750298706.446912,2025-06-18 21:05:06.446,-6.277
1750298706.4588218,2025-06-18 21:05:06.458,-6.306
1750298706.470603,2025-06-18 21:05:06.470,-6.336
1750298706.483187,2025-06-18 21:05:06.483,-6.3660000000000005
1750298706.494857,2025-06-18 21:05:06.494,-6.394
1750298706.507591,2025-06-18 21:05:06.507,-6.424
1750298706.518718,2025-06-18 21:05:06.518,-6.4510000000000005
1750298706.531392,2025-06-18 21:05:06.531,-6.481
1750298706.54225,2025-06-18 21:05:06.542,-6.506
1750298706.5548868,2025-06-18 21:05:06.554,-6.5360000000000005
1750298706.5661418,2025-06-18 21:05:06.566,-6.562
1750298706.576332,2025-06-18 21:05:06.576,-6.585
1750298706.588947,2025-06-18 21:05:06.588,-6.613
1750298706.6020758,2025-06-18 21:05:06.602,-6.643
1750298706.614733,2025-06-18 21:05:06.614,-6.671
1750298706.627597,2025-06-18 21:05:06.627,-6.699
1750298706.645491,2025-06-18 21:05:06.645,-6.738
1750298706.658153,2025-06-18 21:05:06.658,-6.765000000000001
1750298706.669006,2025-06-18 21:05:06.669,-6.788
1750298706.681663,2025-06-18 21:05:06.681,-6.815
1750298706.6924958,2025-06-18 21:05:06.692,-6.837
1750298706.705842,2025-06-18 21:05:06.705,-6.864
1750298706.716248,2025-06-18 21:05:06.716,-6.886
1750298706.726901,2025-06-18 21:05:06.726,-6.908
1750298706.739497,2025-06-18 21:05:06.739,-6.933
1750298706.7505941,2025-06-18 21:05:06.750,-6.955
1750298706.763135,2025-06-18 21:05:06.763,-6.98
1750298706.775434,2025-06-18 21:05:06.775,-7.0040000000000004
1750298706.787387,2025-06-18 21:05:06.787,-7.027
1750298706.799944,2025-06-18 21:05:06.799,-7.05
1750298706.812721,2025-06-18 21:05:06.812,-7.075
1750298706.825251,2025-06-18 21:05:06.825,-7.098
1750298706.8420951,2025-06-18 21:05:06.842,-7.1290000000000004
1750298706.854718,2025-06-18 21:05:06.854,-7.151
1750298706.867326,2025-06-18 21:05:06.867,-7.174
1750298706.8798761,2025-06-18 21:05:06.879,-7.196
1750298706.89244,2025-06-18 21:05:06.892,-7.218
1750298706.904989,2025-06-18 21:05:06.904,-7.239
1750298706.917749,2025-06-18 21:05:06.917,-7.261
1750298706.930301,2025-06-18 21:05:06.930,-7.282
1750298706.942129,2025-06-18 21:05:06.942,-7.301
1750298706.954701,2025-06-18 21:05:06.954,-7.322
1750298706.967251,2025-06-18 21:05:06.967,-7.3420000000000005
1750298706.979813,2025-06-18 21:05:06.979,-7.361
1750298706.9920819,2025-06-18 21:05:06.992,-7.38
1750298707.004618,2025-06-18 21:05:07.004,-7.4
1750298707.017157,2025-06-18 21:05:07.017,-7.4190000000000005
1750298707.029491,2025-06-18 21:05:07.029,-7.437
1750298707.042075,2025-06-18 21:05:07.042,-7.455
1750298707.053656,2025-06-18 21:05:07.053,-7.472
1750298707.066185,2025-06-18 21:05:07.066,-7.49
1750298707.078367,2025-06-18 21:05:07.078,-7.507000000000001
1750298707.090902,2025-06-18 21:05:07.090,-7.524
1750298707.103442,2025-06-18 21:05:07.103,-7.541
1750298707.115977,2025-06-18 21:05:07.115,-7.557
1750298707.1285172,2025-06-18 21:05:07.128,-7.574
1750298707.141293,2025-06-18 21:05:07.141,-7.59
1750298707.153898,2025-06-18 21:05:07.153,-7.606
1750298707.1646678,2025-06-18 21:05:07.164,-7.619
1750298707.175447,2025-06-18 21:05:07.175,-7.632000000000001
1750298707.188044,2025-06-18 21:05:07.188,-7.647
1750298707.198459,2025-06-18 21:05:07.198,-7.659
1750298707.208731,2025-06-18 21:05:07.208,-7.671
1750298707.2212758,2025-06-18 21:05:07.221,-7.6850000000000005
1750298707.2338,2025-06-18 21:05:07.233,-7.699
1750298707.2449741,2025-06-18 21:05:07.244,-7.711
1750298707.257545,2025-06-18 21:05:07.257,-7.724
1750298707.270092,2025-06-18 21:05:07.270,-7.737
1750298707.282645,2025-06-18 21:05:07.282,-7.7490000000000006
1750298707.295201,2025-06-18 21:05:07.295,-7.7620000000000005
1750298707.3077278,2025-06-18 21:05:07.307,-7.774
1750298707.320276,2025-06-18 21:05:07.320,-7.785
1750298707.332824,2025-06-18 21:05:07.332,-7.797000000000001
1750298707.3453739,2025-06-18 21:05:07.345,-7.808
1750298707.3580968,2025-06-18 21:05:07.358,-7.819
1750298707.370652,2025-06-18 21:05:07.370,-7.829
1750298707.383187,2025-06-18 21:05:07.383,-7.839
1750298707.395828,2025-06-18 21:05:07.395,-7.849
1750298707.407823,2025-06-18 21:05:07.407,-7.8580000000000005
1750298707.420434,2025-06-18 21:05:07.420,-7.868
1750298707.432759,2025-06-18 21:05:07.432,-7.876
1750298707.444289,2025-06-18 21:05:07.444,-7.884
1750298707.456911,2025-06-18 21:05:07.456,-7.893
1750298707.469685,2025-06-18 21:05:07.469,-7.901
1750298707.482261,2025-06-18 21:05:07.482,-7.909
1750298707.494825,2025-06-18 21:05:07.494,-7.916
1750298707.507363,2025-06-18 21:05:07.507,-7.923
1750298707.519916,2025-06-18 21:05:07.519,-7.930000000000001
1750298707.532469,2025-06-18 21:05:07.532,-7.936
1750298707.545023,2025-06-18 21:05:07.545,-7.942
1750298707.556594,2025-06-18 21:05:07.556,-7.948
1750298707.569196,2025-06-18 21:05:07.569,-7.953
1750298707.580234,2025-06-18 21:05:07.580,-7.958
1750298707.592792,2025-06-18 21:05:07.592,-7.963
1750298707.6053681,2025-06-18 21:05:07.605,-7.968
1750298707.6179872,2025-06-18 21:05:07.617,-7.972
1750298707.630594,2025-06-18 21:05:07.630,-7.976
1750298707.6421728,2025-06-18 21:05:07.642,-7.979
1750298707.6547751,2025-06-18 21:05:07.654,-7.9830000000000005
1750298707.6665778,2025-06-18 21:05:07.666,-7.986
1750298707.679202,2025-06-18 21:05:07.679,-7.989
1750298707.691767,2025-06-18 21:05:07.691,-7.9910000000000005
1750298707.702801,2025-06-18 21:05:07.702,-7.993
1750298707.713984,2025-06-18 21:05:07.713,-7.995
1750298707.724643,2025-06-18 21:05:07.724,-7.996
1750298707.737311,2025-06-18 21:05:07.737,-7.997
1750298707.7499,2025-06-18 21:05:07.749,-7.998
1750298707.762506,2025-06-18 21:05:07.762,-7.9990000000000006
1750298707.775081,2025-06-18 21:05:07.775,-7.9990000000000006
1750298707.78555,2025-06-18 21:05:07.785,-7.9990000000000006
1750298707.798553,2025-06-18 21:05:07.798,-7.9990000000000006
1750298707.8097851,2025-06-18 21:05:07.809,-7.9990000000000006
1750298707.821555,2025-06-18 21:05:07.821,-7.998
1750298707.834219,2025-06-18 21:05:07.834,-7.997
1750298707.858015,2025-06-18 21:05:07.858,-7.994
1750298707.868595,2025-06-18 21:05:07.868,-7.992
1750298707.884654,2025-06-18 21:05:07.884,-7.989
1750298707.897235,2025-06-18 21:05:07.897,-7.987
1750298707.9088142,2025-06-18 21:05:07.908,-7.984
1750298707.921375,2025-06-18 21:05:07.921,-7.981
1750298707.933512,2025-06-18 21:05:07.933,-7.977
1750298707.945055,2025-06-18 21:05:07.945,-7.974
1750298707.955157,2025-06-18 21:05:07.955,-7.97
1750298707.965666,2025-06-18 21:05:07.965,-7.9670000000000005
1750298707.9766788,2025-06-18 21:05:07.976,-7.962
1750298707.989239,2025-06-18 21:05:07.989,-7.957
1750298708.0003562,2025-06-18 21:05:08.000,-7.953
1750298708.016317,2025-06-18 21:05:08.016,-7.946
1750298708.02972,2025-06-18 21:05:08.029,-7.939
1750298708.041974,2025-06-18 21:05:08.041,-7.933
1750298708.055764,2025-06-18 21:05:08.055,-7.926
1750298708.113142,2025-06-18 21:05:08.113,-7.899
1750298708.132852,2025-06-18 21:05:08.132,-7.878
1750298708.146034,2025-06-18 21:05:08.146,-7.869
1750298708.157801,2025-06-18 21:05:08.157,-7.86
1750298708.168455,2025-06-18 21:05:08.168,-7.852
1750298708.1810718,2025-06-18 21:05:08.181,-7.8420000000000005
1750298708.192124,2025-06-18 21:05:08.192,-7.8340000000000005
1750298708.204684,2025-06-18 21:05:08.204,-7.823
1750298708.2172348,2025-06-18 21:05:08.217,-7.813
1750298708.2299578,2025-06-18 21:05:08.229,-7.801
1750298708.2421901,2025-06-18 21:05:08.242,-7.791
1750298708.2548769,2025-06-18 21:05:08.254,-7.779
1750298708.266798,2025-06-18 21:05:08.266,-7.768
1750298708.279402,2025-06-18 21:05:08.279,-7.755
1750298708.2920609,2025-06-18 21:05:08.292,-7.743
1750298708.304745,2025-06-18 21:05:08.304,-7.73
1750298708.317285,2025-06-18 21:05:08.317,-7.7170000000000005
1750298708.329986,2025-06-18 21:05:08.329,-7.703
1750298708.3425632,2025-06-18 21:05:08.342,-7.69
1750298708.353931,2025-06-18 21:05:08.353,-7.6770000000000005
1750298708.3665369,2025-06-18 21:05:08.366,-7.663
1750298708.378044,2025-06-18 21:05:08.378,-7.649
1750298708.39078,2025-06-18 21:05:08.390,-7.634
1750298708.403429,2025-06-18 21:05:08.403,-7.619
1750298708.415991,2025-06-18 21:05:08.415,-7.603
1750298708.428524,2025-06-18 21:05:08.428,-7.588
1750298708.44129,2025-06-18 21:05:08.441,-7.571
1750298708.453838,2025-06-18 21:05:08.453,-7.555
1750298708.466403,2025-06-18 21:05:08.466,-7.538
1750298708.478941,2025-06-18 21:05:08.478,-7.521
1750298708.491039,2025-06-18 21:05:08.491,-7.505
1750298708.503575,2025-06-18 21:05:08.503,-7.487
1750298708.516258,2025-06-18 21:05:08.516,-7.469
1750298708.528944,2025-06-18 21:05:08.528,-7.4510000000000005
1750298708.542203,2025-06-18 21:05:08.542,-7.432
1750298708.55481,2025-06-18 21:05:08.554,-7.413
1750298708.56532,2025-06-18 21:05:08.565,-7.397
1750298708.577874,2025-06-18 21:05:08.577,-7.377
1750298708.590485,2025-06-18 21:05:08.590,-7.3580000000000005
1750298708.6030312,2025-06-18 21:05:08.603,-7.338
1750298708.615562,2025-06-18 21:05:08.615,-7.3180000000000005
1750298708.62784,2025-06-18 21:05:08.627,-7.298
1750298708.640398,2025-06-18 21:05:08.640,-7.277
1750298708.653099,2025-06-18 21:05:08.653,-7.256
1750298708.665675,2025-06-18 21:05:08.665,-7.235
1750298708.676648,2025-06-18 21:05:08.676,-7.2170000000000005
1750298708.689281,2025-06-18 21:05:08.689,-7.194
1750298708.70192,2025-06-18 21:05:08.701,-7.172
1750298708.7140281,2025-06-18 21:05:08.714,-7.15
1750298708.725481,2025-06-18 21:05:08.725,-7.13
1750298708.738035,2025-06-18 21:05:08.738,-7.106
1750298708.7482722,2025-06-18 21:05:08.748,-7.088
1750298708.758743,2025-06-18 21:05:08.758,-7.0680000000000005
1750298708.7690198,2025-06-18 21:05:08.769,-7.049
1750298708.7819571,2025-06-18 21:05:08.781,-7.024
1750298708.79454,2025-06-18 21:05:08.794,-7.0
1750298708.804863,2025-06-18 21:05:08.804,-6.98
1750298708.817675,2025-06-18 21:05:08.817,-6.955
1750298708.830299,2025-06-18 21:05:08.830,-6.93
1750298708.842102,2025-06-18 21:05:08.842,-6.906000000000001
1750298708.854686,2025-06-18 21:05:08.854,-6.88
1750298708.8763928,2025-06-18 21:05:08.876,-6.836
1750298708.889,2025-06-18 21:05:08.889,-6.809
1750298708.8999171,2025-06-18 21:05:08.899,-6.7860000000000005
1750298708.910599,2025-06-18 21:05:08.910,-6.764
1750298708.9232519,2025-06-18 21:05:08.923,-6.736
1750298708.9358468,2025-06-18 21:05:08.935,-6.7090000000000005
1750298708.948409,2025-06-18 21:05:08.948,-6.682
1750298708.958796,2025-06-18 21:05:08.958,-6.659
1750298708.9715462,2025-06-18 21:05:08.971,-6.63
1750298708.984127,2025-06-18 21:05:08.984,-6.602
1750298708.996661,2025-06-18 21:05:08.996,-6.573
1750298709.00872,2025-06-18 21:05:09.008,-6.546
1750298709.0212722,2025-06-18 21:05:09.021,-6.517
1750298709.033897,2025-06-18 21:05:09.033,-6.488
1750298709.046029,2025-06-18 21:05:09.046,-6.46
1750298709.058445,2025-06-18 21:05:09.058,-6.43
1750298709.071156,2025-06-18 21:05:09.071,-6.399
1750298709.083166,2025-06-18 21:05:09.083,-6.37
1750298709.098509,2025-06-18 21:05:09.098,-6.333
1750298709.114252,2025-06-18 21:05:09.114,-6.295
1750298709.126695,2025-06-18 21:05:09.126,-6.263
1750298709.139605,2025-06-18 21:05:09.139,-6.231
1750298709.1673741,2025-06-18 21:05:09.167,-6.19
1750298709.179991,2025-06-18 21:05:09.179,-6.1290000000000004
1750298709.192231,2025-06-18 21:05:09.192,-6.097
1750298709.2044642,2025-06-18 21:05:09.204,-6.065
1750298709.214707,2025-06-18 21:05:09.214,-6.039
1750298709.22602,2025-06-18 21:05:09.226,-6.009
1750298709.238585,2025-06-18 21:05:09.238,-5.9750000000000005
1750298709.2511308,2025-06-18 21:05:09.251,-5.942
1750298709.2636669,2025-06-18 21:05:09.263,-5.908
1750298709.275368,2025-06-18 21:05:09.275,-5.876
1750298709.2878988,2025-06-18 21:05:09.287,-5.8420000000000005
1750298709.3007438,2025-06-18 21:05:09.300,-5.807
1750298709.312855,2025-06-18 21:05:09.312,-5.774
1750298709.3254242,2025-06-18 21:05:09.325,-5.739
1750298709.337968,2025-06-18 21:05:09.337,-5.704
1750298709.350503,2025-06-18 21:05:09.350,-5.668
1750298709.363043,2025-06-18 21:05:09.363,-5.633
1750298709.375372,2025-06-18 21:05:09.375,-5.598
1750298709.387936,2025-06-18 21:05:09.387,-5.562
1750298709.3992262,2025-06-18 21:05:09.399,-5.529
1750298709.41176,2025-06-18 21:05:09.411,-5.493
1750298709.42429,2025-06-18 21:05:09.424,-5.456
1750298709.436811,2025-06-18 21:05:09.436,-5.42
1750298709.4493618,2025-06-18 21:05:09.449,-5.383
1750298709.46189,2025-06-18 21:05:09.461,-5.345
1750298709.474411,2025-06-18 21:05:09.474,-5.308
1750298709.486928,2025-06-18 21:05:09.486,-5.271
1750298709.499472,2025-06-18 21:05:09.499,-5.2330000000000005
1750298709.512157,2025-06-18 21:05:09.512,-5.194
1750298709.524735,2025-06-18 21:05:09.524,-5.156
1750298709.537277,2025-06-18 21:05:09.537,-5.117
1750298709.547779,2025-06-18 21:05:09.547,-5.085
1750298709.558743,2025-06-18 21:05:09.558,-5.051
1750298709.571316,2025-06-18 21:05:09.571,-5.0120000000000005
1750298709.583906,2025-06-18 21:05:09.583,-4.973
1750298709.5964549,2025-06-18 21:05:09.596,-4.933
1750298709.609003,2025-06-18 21:05:09.609,-4.894
1750298709.621844,2025-06-18 21:05:09.621,-4.853
1750298709.6343942,2025-06-18 21:05:09.634,-4.813
1750298709.64696,2025-06-18 21:05:09.646,-4.773
1750298709.6587589,2025-06-18 21:05:09.658,-4.735
1750298709.6711419,2025-06-18 21:05:09.671,-4.695
1750298709.6812959,2025-06-18 21:05:09.681,-4.662
1750298709.692149,2025-06-18 21:05:09.692,-4.627
1750298709.704694,2025-06-18 21:05:09.704,-4.585
1750298709.717226,2025-06-18 21:05:09.717,-4.5440000000000005
1750298709.729933,2025-06-18 21:05:09.729,-4.502
1750298709.742191,2025-06-18 21:05:09.742,-4.462
1750298709.754739,2025-06-18 21:05:09.754,-4.42
1750298709.7673159,2025-06-18 21:05:09.767,-4.378
1750298709.779847,2025-06-18 21:05:09.779,-4.336
1750298709.7920792,2025-06-18 21:05:09.792,-4.295
1750298709.80463,2025-06-18 21:05:09.804,-4.252
1750298709.8172271,2025-06-18 21:05:09.817,-4.21
1750298709.829283,2025-06-18 21:05:09.829,-4.168
1750298709.8418539,2025-06-18 21:05:09.841,-4.125
1750298709.854468,2025-06-18 21:05:09.854,-4.082
1750298709.86615,2025-06-18 21:05:09.866,-4.042
1750298709.89216,2025-06-18 21:05:09.892,-3.952
1750298709.904719,2025-06-18 21:05:09.904,-3.908
1750298709.917335,2025-06-18 21:05:09.917,-3.864
1750298709.9304168,2025-06-18 21:05:09.930,-3.818
1750298709.943079,2025-06-18 21:05:09.943,-3.774
1750298709.953494,2025-06-18 21:05:09.953,-3.737
1750298709.966159,2025-06-18 21:05:09.966,-3.692
1750298709.978803,2025-06-18 21:05:09.978,-3.6470000000000002
1750298709.9913878,2025-06-18 21:05:09.991,-3.602
1750298710.00233,2025-06-18 21:05:10.002,-3.563
1750298710.01367,2025-06-18 21:05:10.013,-3.5220000000000002
1750298710.025446,2025-06-18 21:05:10.025,-3.48
1750298710.038363,2025-06-18 21:05:10.038,-3.4330000000000003
1750298710.050941,2025-06-18 21:05:10.050,-3.388
1750298710.0610769,2025-06-18 21:05:10.061,-3.351
1750298710.073684,2025-06-18 21:05:10.073,-3.305
1750298710.0837948,2025-06-18 21:05:10.083,-3.2680000000000002
1750298710.094878,2025-06-18 21:05:10.094,-3.228
1750298710.105085,2025-06-18 21:05:10.105,-3.19
1750298710.1176488,2025-06-18 21:05:10.117,-3.144
1750298710.1302269,2025-06-18 21:05:10.130,-3.098
1750298710.1430762,2025-06-18 21:05:10.143,-3.0500000000000003
1750298710.1556458,2025-06-18 21:05:10.155,-3.004
1750298710.167389,2025-06-18 21:05:10.167,-2.96
1750298710.1799538,2025-06-18 21:05:10.179,-2.914
1750298710.19155,2025-06-18 21:05:10.191,-2.87
1750298710.204111,2025-06-18 21:05:10.204,-2.823
1750298710.216664,2025-06-18 21:05:10.216,-2.7760000000000002
1750298710.229215,2025-06-18 21:05:10.229,-2.729
1750298710.2417762,2025-06-18 21:05:10.241,-2.682
1750298710.254507,2025-06-18 21:05:10.254,-2.634
1750298710.267083,2025-06-18 21:05:10.267,-2.586
1750298710.27967,2025-06-18 21:05:10.279,-2.539
1750298710.292174,2025-06-18 21:05:10.292,-2.491
1750298710.304794,2025-06-18 21:05:10.304,-2.443
1750298710.3163211,2025-06-18 21:05:10.316,-2.399
1750298710.3289301,2025-06-18 21:05:10.328,-2.351
1750298710.341565,2025-06-18 21:05:10.341,-2.303
1750298710.354186,2025-06-18 21:05:10.354,-2.254
1750298710.36835,2025-06-18 21:05:10.368,-2.2
1750298710.380964,2025-06-18 21:05:10.380,-2.1510000000000002
1750298710.3935711,2025-06-18 21:05:10.393,-2.103
1750298710.404844,2025-06-18 21:05:10.404,-2.059
1750298710.417432,2025-06-18 21:05:10.417,-2.0100000000000002
1750298710.430044,2025-06-18 21:05:10.430,-1.962
1750298710.442087,2025-06-18 21:05:10.442,-1.915
1750298710.4547,2025-06-18 21:05:10.454,-1.866
1750298710.4678788,2025-06-18 21:05:10.467,-1.815
1750298710.479373,2025-06-18 21:05:10.479,-1.77
1750298710.492182,2025-06-18 21:05:10.492,-1.721
1750298710.504818,2025-06-18 21:05:10.504,-1.67
1750298710.5161211,2025-06-18 21:05:10.516,-1.6260000000000001
1750298710.526641,2025-06-18 21:05:10.526,-1.585
1750298710.539229,2025-06-18 21:05:10.539,-1.5350000000000001
1750298710.55184,2025-06-18 21:05:10.551,-1.486
1750298710.5644338,2025-06-18 21:05:10.564,-1.436
1750298710.5776289,2025-06-18 21:05:10.577,-1.3840000000000001
1750298710.590247,2025-06-18 21:05:10.590,-1.335
1750298710.602897,2025-06-18 21:05:10.602,-1.285
1750298710.615606,2025-06-18 21:05:10.615,-1.235
1750298710.626817,2025-06-18 21:05:10.626,-1.19
1750298710.639423,2025-06-18 21:05:10.639,-1.1400000000000001
1750298710.652027,2025-06-18 21:05:10.652,-1.09
1750298710.664613,2025-06-18 21:05:10.664,-1.041
1750298710.675509,2025-06-18 21:05:10.675,-0.998
1750298710.688232,2025-06-18 21:05:10.688,-0.9470000000000001
1750298710.700887,2025-06-18 21:05:10.700,-0.897
1750298710.713502,2025-06-18 21:05:10.713,-0.846
1750298710.725437,2025-06-18 21:05:10.725,-0.799
1750298710.7361689,2025-06-18 21:05:10.736,-0.756
1750298710.748779,2025-06-18 21:05:10.748,-0.706
1750298710.761405,2025-06-18 21:05:10.761,-0.656
1750298710.773995,2025-06-18 21:05:10.773,-0.605
1750298710.7865322,2025-06-18 21:05:10.786,-0.556
1750298710.796897,2025-06-18 21:05:10.796,-0.514
1750298710.808823,2025-06-18 21:05:10.808,-0.467
1750298710.8194292,2025-06-18 21:05:10.819,-0.424
1750298710.831764,2025-06-18 21:05:10.831,-0.375
1750298710.8443542,2025-06-18 21:05:10.844,-0.324
1750298710.856938,2025-06-18 21:05:10.856,-0.274
1750298710.869514,2025-06-18 21:05:10.869,-0.224
1750298710.8820841,2025-06-18 21:05:10.882,-0.17400000000000002
1750298710.908619,2025-06-18 21:05:10.908,-0.067
1750298710.921203,2025-06-18 21:05:10.921,-0.017
1750298710.933768,2025-06-18 21:05:10.933,0.032
1750298710.943949,2025-06-18 21:05:10.943,0.073
1750298710.956141,2025-06-18 21:05:10.956,0.121
1750298710.9665542,2025-06-18 21:05:10.966,0.163
1750298710.979226,2025-06-18 21:05:10.979,0.214
1750298710.991947,2025-06-18 21:05:10.991,0.264
1750298711.0037818,2025-06-18 21:05:11.003,0.312
1750298711.0160892,2025-06-18 21:05:11.016,0.361
1750298711.028506,2025-06-18 21:05:11.028,0.41100000000000003
1750298711.0393238,2025-06-18 21:05:11.039,0.454
1750298711.051967,2025-06-18 21:05:11.051,0.504
1750298711.0646012,2025-06-18 21:05:11.064,0.555
1750298711.077024,2025-06-18 21:05:11.077,0.604
1750298711.09115,2025-06-18 21:05:11.091,0.661
1750298711.104102,2025-06-18 21:05:11.104,0.712
1750298711.11656,2025-06-18 21:05:11.116,0.762
1750298711.1294951,2025-06-18 21:05:11.129,0.8130000000000001
1750298711.142126,2025-06-18 21:05:11.142,0.864
1750298711.1542962,2025-06-18 21:05:11.154,0.912
1750298711.166935,2025-06-18 21:05:11.166,0.962
1750298711.179332,2025-06-18 21:05:11.179,1.0110000000000001
1750298711.191138,2025-06-18 21:05:11.191,1.058
1750298711.203725,2025-06-18 21:05:11.203,1.108
1750298711.214792,2025-06-18 21:05:11.214,1.1520000000000001
1750298711.227324,2025-06-18 21:05:11.227,1.202
1750298711.240024,2025-06-18 21:05:11.240,1.252
1750298711.2525172,2025-06-18 21:05:11.252,1.301
1750298711.264045,2025-06-18 21:05:11.264,1.346
1750298711.2754052,2025-06-18 21:05:11.275,1.391
1750298711.2880619,2025-06-18 21:05:11.288,1.441
1750298711.299933,2025-06-18 21:05:11.299,1.488
1750298711.3116019,2025-06-18 21:05:11.311,1.534
1750298711.324043,2025-06-18 21:05:11.324,1.583
1750298711.335328,2025-06-18 21:05:11.335,1.627
1750298711.34723,2025-06-18 21:05:11.347,1.673
1750298711.359841,2025-06-18 21:05:11.359,1.722
1750298711.3725388,2025-06-18 21:05:11.372,1.772
1750298711.382837,2025-06-18 21:05:11.382,1.812
1750298711.395466,2025-06-18 21:05:11.395,1.862
1750298711.4080698,2025-06-18 21:05:11.408,1.911
1750298711.420633,2025-06-18 21:05:11.420,1.959
1750298711.4332008,2025-06-18 21:05:11.433,2.008
1750298711.4460611,2025-06-18 21:05:11.446,2.058
1750298711.4574358,2025-06-18 21:05:11.457,2.102
1750298711.470111,2025-06-18 21:05:11.470,2.15
1750298711.4827929,2025-06-18 21:05:11.482,2.199
1750298711.493143,2025-06-18 21:05:11.493,2.239
1750298711.505733,2025-06-18 21:05:11.505,2.2880000000000003
1750298711.5164979,2025-06-18 21:05:11.516,2.329
1750298711.529124,2025-06-18 21:05:11.529,2.3770000000000002
1750298711.541755,2025-06-18 21:05:11.541,2.4250000000000003
1750298711.5551538,2025-06-18 21:05:11.555,2.476
1750298711.567821,2025-06-18 21:05:11.567,2.524
1750298711.58058,2025-06-18 21:05:11.580,2.572
1750298711.59214,2025-06-18 21:05:11.592,2.616
1750298711.604821,2025-06-18 21:05:11.604,2.664
1750298711.6150458,2025-06-18 21:05:11.615,2.703
1750298711.625727,2025-06-18 21:05:11.625,2.743
1750298711.6378691,2025-06-18 21:05:11.637,2.789
1750298711.649389,2025-06-18 21:05:11.649,2.832
1750298711.660384,2025-06-18 21:05:11.660,2.873
1750298711.678587,2025-06-18 21:05:11.678,2.9250000000000003
1750298711.691333,2025-06-18 21:05:11.691,2.988
1750298711.703933,2025-06-18 21:05:11.703,3.035
1750298711.716108,2025-06-18 21:05:11.716,3.08
1750298711.727489,2025-06-18 21:05:11.727,3.121
1750298711.7401721,2025-06-18 21:05:11.740,3.168
1750298711.753404,2025-06-18 21:05:11.753,3.215
1750298711.771934,2025-06-18 21:05:11.771,3.285
1750298711.7845628,2025-06-18 21:05:11.784,3.331
1750298711.797323,2025-06-18 21:05:11.797,3.3770000000000002
1750298711.808759,2025-06-18 21:05:11.808,3.418
1750298711.8204522,2025-06-18 21:05:11.820,3.461
1750298711.833083,2025-06-18 21:05:11.833,3.5060000000000002
1750298711.845778,2025-06-18 21:05:11.845,3.551
1750298711.858388,2025-06-18 21:05:11.858,3.597
1750298711.87147,2025-06-18 21:05:11.871,3.6430000000000002
1750298711.883049,2025-06-18 21:05:11.883,3.685
1750298711.8942568,2025-06-18 21:05:11.894,3.724
1750298711.907292,2025-06-18 21:05:11.907,3.77
1750298712.040468,2025-06-18 21:05:12.040,4.214
1750298712.073073,2025-06-18 21:05:12.073,4.28
1750298712.0876002,2025-06-18 21:05:12.087,4.384
1750298712.115787,2025-06-18 21:05:12.115,4.483
1750298712.1285021,2025-06-18 21:05:12.128,4.518
1750298712.1395369,2025-06-18 21:05:12.139,4.562
1750298712.1505961,2025-06-18 21:05:12.150,4.599
1750298712.1638122,2025-06-18 21:05:12.163,4.642
1750298712.209047,2025-06-18 21:05:12.209,4.788
1750298712.221316,2025-06-18 21:05:12.221,4.8260000000000005
1750298712.2324522,2025-06-18 21:05:12.232,4.863
1750298712.2450602,2025-06-18 21:05:12.245,4.9030000000000005
1750298712.257698,2025-06-18 21:05:12.257,4.942
1750298712.269841,2025-06-18 21:05:12.269,4.981
1750298712.280763,2025-06-18 21:05:12.280,5.015
1750298712.293398,2025-06-18 21:05:12.293,5.054
1750298712.303606,2025-06-18 21:05:12.303,5.085
1750298712.315288,2025-06-18 21:05:12.315,5.121
1750298712.325942,2025-06-18 21:05:12.325,5.1530000000000005
1750298712.338652,2025-06-18 21:05:12.338,5.1930000000000005
1750298712.351228,2025-06-18 21:05:12.351,5.231
1750298712.363783,2025-06-18 21:05:12.363,5.269
1750298712.3754072,2025-06-18 21:05:12.375,5.304
1750298712.387986,2025-06-18 21:05:12.387,5.3420000000000005
1750298712.4001658,2025-06-18 21:05:12.400,5.378
1750298712.412161,2025-06-18 21:05:12.412,5.413
1750298712.423753,2025-06-18 21:05:12.423,5.447
1750298712.436332,2025-06-18 21:05:12.436,5.484
1750298712.448931,2025-06-18 21:05:12.448,5.5200000000000005
1750298712.461477,2025-06-18 21:05:12.461,5.557
1750298712.474027,2025-06-18 21:05:12.474,5.593
1750298712.4869041,2025-06-18 21:05:12.486,5.6290000000000004
1750298712.499475,2025-06-18 21:05:12.499,5.665
1750298712.5120692,2025-06-18 21:05:12.512,5.7
1750298712.522513,2025-06-18 21:05:12.522,5.73
1750298712.535118,2025-06-18 21:05:12.535,5.765
1750298712.547797,2025-06-18 21:05:12.547,5.8
1750298712.559403,2025-06-18 21:05:12.559,5.831
1750298712.5697322,2025-06-18 21:05:12.569,5.86
1750298712.581563,2025-06-18 21:05:12.581,5.892
1750298712.594663,2025-06-18 21:05:12.594,5.9270000000000005
1750298712.6073549,2025-06-18 21:05:12.607,5.961
1750298712.620012,2025-06-18 21:05:12.620,5.995
1750298712.6326568,2025-06-18 21:05:12.632,6.0280000000000005
1750298712.643936,2025-06-18 21:05:12.643,6.058
1750298712.656542,2025-06-18 21:05:12.656,6.091
1750298712.669185,2025-06-18 21:05:12.669,6.123
1750298712.680377,2025-06-18 21:05:12.680,6.152
1750298712.692998,2025-06-18 21:05:12.692,6.184
1750298712.706348,2025-06-18 21:05:12.706,6.2170000000000005
1750298712.7166028,2025-06-18 21:05:12.716,6.244
1750298712.7293272,2025-06-18 21:05:12.729,6.275
1750298712.741985,2025-06-18 21:05:12.741,6.307
1750298712.754615,2025-06-18 21:05:12.754,6.337
1750298712.764978,2025-06-18 21:05:12.764,6.363
1750298712.7754471,2025-06-18 21:05:12.775,6.388
1750298712.788061,2025-06-18 21:05:12.788,6.418
1750298712.800709,2025-06-18 21:05:12.800,6.448
1750298712.818441,2025-06-18 21:05:12.818,6.49
1750298712.829034,2025-06-18 21:05:12.829,6.515000000000001
1750298712.841672,2025-06-18 21:05:12.841,6.5440000000000005
1750298712.854267,2025-06-18 21:05:12.854,6.573
1750298712.866894,2025-06-18 21:05:12.866,6.601
1750298712.8783638,2025-06-18 21:05:12.878,6.627
1750298712.890995,2025-06-18 21:05:12.890,6.655
1750298712.9036229,2025-06-18 21:05:12.903,6.683
1750298712.916862,2025-06-18 21:05:12.916,6.712
1750298712.929492,2025-06-18 21:05:12.929,6.74
1750298712.941136,2025-06-18 21:05:12.941,6.765000000000001
1750298712.951936,2025-06-18 21:05:12.951,6.787
1750298712.964606,2025-06-18 21:05:12.964,6.814
1750298712.9763541,2025-06-18 21:05:12.976,6.839
1750298712.98899,2025-06-18 21:05:12.988,6.865
1750298713.001178,2025-06-18 21:05:13.001,6.890000000000001
1750298713.013789,2025-06-18 21:05:13.013,6.915
1750298713.042109,2025-06-18 21:05:13.042,6.971
1750298713.054677,2025-06-18 21:05:13.054,6.996
1750298713.066069,2025-06-18 21:05:13.066,7.018
1750298713.076301,2025-06-18 21:05:13.076,7.038
1750298713.088846,2025-06-18 21:05:13.088,7.061
1750298713.1013818,2025-06-18 21:05:13.101,7.085
1750298713.11396,2025-06-18 21:05:13.113,7.1080000000000005
1750298713.1268868,2025-06-18 21:05:13.126,7.131
1750298713.138912,2025-06-18 21:05:13.138,7.1530000000000005
1750298713.149428,2025-06-18 21:05:13.149,7.172
1750298713.159797,2025-06-18 21:05:13.159,7.19
1750298713.172417,2025-06-18 21:05:13.172,7.212
1750298713.184553,2025-06-18 21:05:13.184,7.2330000000000005
1750298713.1971369,2025-06-18 21:05:13.197,7.2540000000000004
1750298713.2137249,2025-06-18 21:05:13.213,7.273000000000001
1750298713.225385,2025-06-18 21:05:13.225,7.301
1750298713.2381399,2025-06-18 21:05:13.238,7.322
1750298713.250784,2025-06-18 21:05:13.250,7.3420000000000005
1750298713.263477,2025-06-18 21:05:13.263,7.362
1750298713.275448,2025-06-18 21:05:13.275,7.381
1750298713.2862642,2025-06-18 21:05:13.286,7.397
1750298713.29885,2025-06-18 21:05:13.298,7.416
1750298713.310645,2025-06-18 21:05:13.310,7.434
1750298713.3232782,2025-06-18 21:05:13.323,7.452
1750298713.3345249,2025-06-18 21:05:13.334,7.469
1750298713.346487,2025-06-18 21:05:13.346,7.486
1750298713.3580348,2025-06-18 21:05:13.358,7.502
1750298713.37069,2025-06-18 21:05:13.370,7.519
1750298713.383389,2025-06-18 21:05:13.383,7.5360000000000005
1750298713.396112,2025-06-18 21:05:13.396,7.553
1750298713.4087849,2025-06-18 21:05:13.408,7.57
1750298713.421452,2025-06-18 21:05:13.421,7.586
1750298713.433258,2025-06-18 21:05:13.433,7.601
1750298713.4451861,2025-06-18 21:05:13.445,7.6160000000000005
1750298713.460423,2025-06-18 21:05:13.460,7.634
1750298713.473081,2025-06-18 21:05:13.473,7.649
1750298713.4838889,2025-06-18 21:05:13.483,7.662
1750298713.496521,2025-06-18 21:05:13.496,7.676
1750298713.50888,2025-06-18 21:05:13.508,7.69
1750298713.521541,2025-06-18 21:05:13.521,7.704
1750298713.534165,2025-06-18 21:05:13.534,7.7170000000000005
1750298713.546788,2025-06-18 21:05:13.546,7.73
1750298713.559778,2025-06-18 21:05:13.559,7.743
1750298713.572397,2025-06-18 21:05:13.572,7.756
1750298713.585021,2025-06-18 21:05:13.585,7.768
1750298713.5964642,2025-06-18 21:05:13.596,7.779
1750298713.609101,2025-06-18 21:05:13.609,7.791
1750298713.621713,2025-06-18 21:05:13.621,7.8020000000000005
1750298713.634411,2025-06-18 21:05:13.634,7.813
1750298713.645916,2025-06-18 21:05:13.645,7.823
1750298713.658529,2025-06-18 21:05:13.658,7.833
1750298713.671443,2025-06-18 21:05:13.671,7.843
1750298713.683321,2025-06-18 21:05:13.683,7.853
1750298713.695168,2025-06-18 21:05:13.695,7.861
1750298713.707856,2025-06-18 21:05:13.707,7.871
1750298713.720479,2025-06-18 21:05:13.720,7.88
1750298713.733073,2025-06-18 21:05:13.733,7.888
1750298713.745642,2025-06-18 21:05:13.745,7.896
1750298713.7582452,2025-06-18 21:05:13.758,7.904
1750298713.7702138,2025-06-18 21:05:13.770,7.9110000000000005
1750298713.7810922,2025-06-18 21:05:13.781,7.918
1750298713.7923782,2025-06-18 21:05:13.792,7.924
1750298713.802923,2025-06-18 21:05:13.802,7.930000000000001
1750298713.814986,2025-06-18 21:05:13.814,7.936
1750298713.826543,2025-06-18 21:05:13.826,7.942
1750298713.839145,2025-06-18 21:05:13.839,7.948
1750298713.8517199,2025-06-18 21:05:13.851,7.953
1750298713.8642912,2025-06-18 21:05:13.864,7.958
1750298713.874793,2025-06-18 21:05:13.874,7.963
1750298713.887653,2025-06-18 21:05:13.887,7.9670000000000005
1750298713.898338,2025-06-18 21:05:13.898,7.971
1750298713.9109068,2025-06-18 21:05:13.910,7.9750000000000005
1750298713.9234629,2025-06-18 21:05:13.923,7.979
1750298713.936026,2025-06-18 21:05:13.936,7.982
1750298713.94857,2025-06-18 21:05:13.948,7.985
1750298713.958722,2025-06-18 21:05:13.958,7.988
1750298713.9713018,2025-06-18 21:05:13.971,7.99
1750298713.983857,2025-06-18 21:05:13.983,7.993
1750298713.996711,2025-06-18 21:05:13.996,7.995
1750298714.009274,2025-06-18 21:05:14.009,7.996
1750298714.021821,2025-06-18 21:05:14.021,7.997
1750298714.034421,2025-06-18 21:05:14.034,7.998
1750298714.058723,2025-06-18 21:05:14.058,7.9990000000000006
1750298714.071263,2025-06-18 21:05:14.071,7.9990000000000006
1750298714.0838,2025-06-18 21:05:14.083,7.9990000000000006
1750298714.0962849,2025-06-18 21:05:14.096,7.9990000000000006
1750298714.108686,2025-06-18 21:05:14.108,7.998
1750298714.121268,2025-06-18 21:05:14.121,7.997
1750298714.13391,2025-06-18 21:05:14.133,7.995
1750298714.145036,2025-06-18 21:05:14.145,7.993
1750298714.156996,2025-06-18 21:05:14.156,7.9910000000000005
1750298714.168606,2025-06-18 21:05:14.168,7.989
1750298714.18121,2025-06-18 21:05:14.181,7.987
1750298714.19378,2025-06-18 21:05:14.193,7.9830000000000005
1750298714.206379,2025-06-18 21:05:14.206,7.98
1750298714.2184398,2025-06-18 21:05:14.218,7.977
1750298714.2393038,2025-06-18 21:05:14.239,7.97
1750298714.2518668,2025-06-18 21:05:14.251,7.965
1750298714.264437,2025-06-18 21:05:14.264,7.961
1750298714.2753658,2025-06-18 21:05:14.275,7.956
1750298714.287903,2025-06-18 21:05:14.287,7.9510000000000005
1750298714.299901,2025-06-18 21:05:14.299,7.945
1750298714.310601,2025-06-18 21:05:14.310,7.94
1750298714.3222091,2025-06-18 21:05:14.322,7.9350000000000005
1750298714.3340318,2025-06-18 21:05:14.334,7.928
1750298714.3452091,2025-06-18 21:05:14.345,7.922000000000001
1750298714.3577821,2025-06-18 21:05:14.357,7.915
1750298714.370343,2025-06-18 21:05:14.370,7.908
1750298714.382901,2025-06-18 21:05:14.382,7.9
1750298714.395455,2025-06-18 21:05:14.395,7.892
1750298714.408007,2025-06-18 21:05:14.408,7.884
1750298714.420563,2025-06-18 21:05:14.420,7.875
1750298714.433383,2025-06-18 21:05:14.433,7.8660000000000005
1750298714.445913,2025-06-18 21:05:14.445,7.856
1750298714.458459,2025-06-18 21:05:14.458,7.847
1750298714.4709928,2025-06-18 21:05:14.470,7.837
1750298714.483524,2025-06-18 21:05:14.483,7.827
1750298714.4961221,2025-06-18 21:05:14.496,7.816
1750298714.508776,2025-06-18 21:05:14.508,7.805000000000001
1750298714.52083,2025-06-18 21:05:14.520,7.795
1750298714.5438,2025-06-18 21:05:14.543,7.773000000000001
1750298714.554847,2025-06-18 21:05:14.554,7.763
1750298714.567391,2025-06-18 21:05:14.567,7.751
1750298714.579943,2025-06-18 21:05:14.579,7.738
1750298714.59241,2025-06-18 21:05:14.592,7.7250000000000005
1750298714.605003,2025-06-18 21:05:14.605,7.712
1750298714.617601,2025-06-18 21:05:14.617,7.698
1750298714.628625,2025-06-18 21:05:14.628,7.686
1750298714.641786,2025-06-18 21:05:14.641,7.672000000000001
1750298714.652716,2025-06-18 21:05:14.652,7.659
1750298714.665343,2025-06-18 21:05:14.665,7.644
1750298714.677944,2025-06-18 21:05:14.677,7.6290000000000004
1750298714.690588,2025-06-18 21:05:14.690,7.614
1750298714.701805,2025-06-18 21:05:14.701,7.6000000000000005
1750298714.713648,2025-06-18 21:05:14.713,7.585
1750298714.7254112,2025-06-18 21:05:14.725,7.57
1750298714.737987,2025-06-18 21:05:14.737,7.554
1750298714.7496698,2025-06-18 21:05:14.749,7.538
1750298714.762337,2025-06-18 21:05:14.762,7.521
1750298714.7749949,2025-06-18 21:05:14.774,7.5040000000000004
1750298714.786011,2025-06-18 21:05:14.786,7.488
1750298714.7986639,2025-06-18 21:05:14.798,7.47
1750298714.811279,2025-06-18 21:05:14.811,7.452
1750298714.823881,2025-06-18 21:05:14.823,7.434
1750298714.836467,2025-06-18 21:05:14.836,7.415
1750298714.8490381,2025-06-18 21:05:14.849,7.396
1750298714.859746,2025-06-18 21:05:14.859,7.38
1750298714.87181,2025-06-18 21:05:14.871,7.361
1750298714.883274,2025-06-18 21:05:14.883,7.343
1750298714.8951318,2025-06-18 21:05:14.895,7.324
1750298714.9077508,2025-06-18 21:05:14.907,7.303
1750298714.9203572,2025-06-18 21:05:14.920,7.283
1750298714.932933,2025-06-18 21:05:14.932,7.2620000000000005
1750298714.945506,2025-06-18 21:05:14.945,7.24
1750298714.9581099,2025-06-18 21:05:14.958,7.219
1750298714.96929,2025-06-18 21:05:14.969,7.199
1750298714.981927,2025-06-18 21:05:14.981,7.1770000000000005
1750298714.993214,2025-06-18 21:05:14.993,7.157
1750298715.0058508,2025-06-18 21:05:15.005,7.135
1750298715.0184162,2025-06-18 21:05:15.018,7.112
1750298715.031039,2025-06-18 21:05:15.031,7.088
1750298715.042978,2025-06-18 21:05:15.042,7.066
1750298715.055598,2025-06-18 21:05:15.055,7.042
1750298715.0949461,2025-06-18 21:05:15.094,6.966
1750298715.1078131,2025-06-18 21:05:15.107,6.941
1750298715.120384,2025-06-18 21:05:15.120,6.916
1750298715.132938,2025-06-18 21:05:15.132,6.890000000000001
1750298715.145505,2025-06-18 21:05:15.145,6.865
1750298715.1580648,2025-06-18 21:05:15.158,6.839
1750298715.1707048,2025-06-18 21:05:15.170,6.812
1750298715.182771,2025-06-18 21:05:15.182,6.787
1750298715.1934369,2025-06-18 21:05:15.193,6.764
1750298715.205104,2025-06-18 21:05:15.205,6.739
1750298715.2180312,2025-06-18 21:05:15.218,6.711
1750298715.2307708,2025-06-18 21:05:15.230,6.683
1750298715.242623,2025-06-18 21:05:15.242,6.657
1750298715.253685,2025-06-18 21:05:15.253,6.633
1750298715.266262,2025-06-18 21:05:15.266,6.604
1750298715.2788491,2025-06-18 21:05:15.278,6.5760000000000005
1750298715.291446,2025-06-18 21:05:15.291,6.547
1750298715.3040571,2025-06-18 21:05:15.304,6.518
1750298715.3146439,2025-06-18 21:05:15.314,6.493
1750298715.325411,2025-06-18 21:05:15.325,6.468
1750298715.338062,2025-06-18 21:05:15.338,6.438
1750298715.3506591,2025-06-18 21:05:15.350,6.408
1750298715.3633358,2025-06-18 21:05:15.363,6.378
1750298715.3865721,2025-06-18 21:05:15.386,6.3500000000000005
1750298715.396713,2025-06-18 21:05:15.396,6.296
1750298715.409256,2025-06-18 21:05:15.409,6.265000000000001
1750298715.421802,2025-06-18 21:05:15.421,6.234
1750298715.434724,2025-06-18 21:05:15.434,6.2010000000000005
1750298715.447278,2025-06-18 21:05:15.447,6.1690000000000005
1750298715.459116,2025-06-18 21:05:15.459,6.140000000000001
1750298715.4717891,2025-06-18 21:05:15.471,6.107
1750298715.484447,2025-06-18 21:05:15.484,6.074
1750298715.497065,2025-06-18 21:05:15.497,6.041
1750298715.508935,2025-06-18 21:05:15.508,6.009
1750298715.520834,2025-06-18 21:05:15.520,5.978
1750298715.5333881,2025-06-18 21:05:15.533,5.944
1750298715.5440571,2025-06-18 21:05:15.544,5.916
1750298715.556677,2025-06-18 21:05:15.556,5.882000000000001
1750298715.5693371,2025-06-18 21:05:15.569,5.847
1750298715.5804071,2025-06-18 21:05:15.580,5.817
1750298715.5930922,2025-06-18 21:05:15.593,5.782
1750298715.605657,2025-06-18 21:05:15.605,5.747
1750298715.61609,2025-06-18 21:05:15.616,5.718
1750298715.628681,2025-06-18 21:05:15.628,5.683
1750298715.641273,2025-06-18 21:05:15.641,5.647
1750298715.654412,2025-06-18 21:05:15.654,5.61
1750298715.667093,2025-06-18 21:05:15.667,5.574
1750298715.67755,2025-06-18 21:05:15.677,5.543
1750298715.690154,2025-06-18 21:05:15.690,5.507
1750298715.700761,2025-06-18 21:05:15.700,5.476
1750298715.713367,2025-06-18 21:05:15.713,5.439
1750298715.724541,2025-06-18 21:05:15.724,5.407
1750298715.73722,2025-06-18 21:05:15.737,5.369
1750298715.748429,2025-06-18 21:05:15.748,5.336
1750298715.760531,2025-06-18 21:05:15.760,5.299
1750298715.7732859,2025-06-18 21:05:15.773,5.261
1750298715.785106,2025-06-18 21:05:15.785,5.2250000000000005
1750298715.796512,2025-06-18 21:05:15.796,5.191
1750298715.809153,2025-06-18 21:05:15.809,5.152
1750298715.821773,2025-06-18 21:05:15.821,5.114
1750298715.834385,2025-06-18 21:05:15.834,5.075
1750298715.8453178,2025-06-18 21:05:15.845,5.041
1750298715.857903,2025-06-18 21:05:15.857,5.001
1750298715.870888,2025-06-18 21:05:15.870,4.961
1750298715.883544,2025-06-18 21:05:15.883,4.921
1750298715.8962471,2025-06-18 21:05:15.896,4.881
1750298715.908894,2025-06-18 21:05:15.908,4.841
1750298715.921495,2025-06-18 21:05:15.921,4.801
1750298715.9352078,2025-06-18 21:05:15.935,4.757
1750298715.947061,2025-06-18 21:05:15.947,4.719
1750298715.959748,2025-06-18 21:05:15.959,4.6770000000000005
1750298715.9705348,2025-06-18 21:05:15.970,4.643
1750298715.982665,2025-06-18 21:05:15.982,4.605
1750298715.994814,2025-06-18 21:05:15.994,4.563
1750298716.007257,2025-06-18 21:05:16.007,4.524
1750298716.021564,2025-06-18 21:05:16.021,4.4750000000000005
1750298716.035469,2025-06-18 21:05:16.035,4.436
1750298716.04808,2025-06-18 21:05:16.048,4.386
1750298716.0614998,2025-06-18 21:05:16.061,4.347
1750298716.0749571,2025-06-18 21:05:16.074,4.296
1750298716.087614,2025-06-18 21:05:16.087,4.253
1750298716.114239,2025-06-18 21:05:16.114,4.162
1750298716.126848,2025-06-18 21:05:16.126,4.119
1750298716.139443,2025-06-18 21:05:16.139,4.0760000000000005
1750298716.1520262,2025-06-18 21:05:16.152,4.033
1750298716.1646159,2025-06-18 21:05:16.164,3.989
1750298716.1754,2025-06-18 21:05:16.175,3.952
1750298716.187982,2025-06-18 21:05:16.187,3.908
1750298716.2005298,2025-06-18 21:05:16.200,3.864
1750298716.213089,2025-06-18 21:05:16.213,3.8200000000000003
1750298716.22504,2025-06-18 21:05:16.225,3.778
1750298716.237591,2025-06-18 21:05:16.237,3.733
1750298716.2500632,2025-06-18 21:05:16.250,3.689
1750298716.262634,2025-06-18 21:05:16.262,3.645
1750298716.2752278,2025-06-18 21:05:16.275,3.6
1750298716.2882218,2025-06-18 21:05:16.288,3.553
1750298716.300771,2025-06-18 21:05:16.300,3.508
1750298716.3133361,2025-06-18 21:05:16.313,3.463
1750298716.325381,2025-06-18 21:05:16.325,3.419
1750298716.33796,2025-06-18 21:05:16.337,3.374
1750298716.350492,2025-06-18 21:05:16.350,3.3280000000000003
1750298716.3630369,2025-06-18 21:05:16.363,3.283
1750298716.375495,2025-06-18 21:05:16.375,3.238
1750298716.387687,2025-06-18 21:05:16.387,3.192
1750298716.399092,2025-06-18 21:05:16.399,3.1510000000000002
1750298716.4091468,2025-06-18 21:05:16.409,3.114
1750298716.420974,2025-06-18 21:05:16.420,3.0700000000000003
1750298716.431862,2025-06-18 21:05:16.431,3.0300000000000002
1750298716.443415,2025-06-18 21:05:16.443,2.987
1750298716.456009,2025-06-18 21:05:16.456,2.94
1750298716.468574,2025-06-18 21:05:16.468,2.8930000000000002
1750298716.4811,2025-06-18 21:05:16.481,2.846
1750298716.492013,2025-06-18 21:05:16.492,2.806
1750298716.504547,2025-06-18 21:05:16.504,2.759
1750298716.5171049,2025-06-18 21:05:16.517,2.711
1750298716.529662,2025-06-18 21:05:16.529,2.664
1750298716.542194,2025-06-18 21:05:16.542,2.617
1750298716.554744,2025-06-18 21:05:16.554,2.569
1750298716.567271,2025-06-18 21:05:16.567,2.5220000000000002
1750298716.5798159,2025-06-18 21:05:16.579,2.474
1750298716.592344,2025-06-18 21:05:16.592,2.426
1750298716.605182,2025-06-18 21:05:16.605,2.378
1750298716.617791,2025-06-18 21:05:16.617,2.329
1750298716.630362,2025-06-18 21:05:16.630,2.281
1750298716.642099,2025-06-18 21:05:16.642,2.236
1750298716.6547258,2025-06-18 21:05:16.654,2.188
1750298716.667397,2025-06-18 21:05:16.667,2.1390000000000002
1750298716.677493,2025-06-18 21:05:16.677,2.1
1750298716.690065,2025-06-18 21:05:16.690,2.051
1750298716.702611,2025-06-18 21:05:16.702,2.003
1750298716.7154229,2025-06-18 21:05:16.715,1.953
1750298716.727995,2025-06-18 21:05:16.727,1.9040000000000001
1750298716.740544,2025-06-18 21:05:16.740,1.855
1750298716.753123,2025-06-18 21:05:16.753,1.806
1750298716.7633421,2025-06-18 21:05:16.763,1.7670000000000001
1750298716.775359,2025-06-18 21:05:16.775,1.72
1750298716.787158,2025-06-18 21:05:16.787,1.674
1750298716.799031,2025-06-18 21:05:16.799,1.627
1750298716.810862,2025-06-18 21:05:16.810,1.581
1750298716.8238552,2025-06-18 21:05:16.823,1.53
1750298716.8356411,2025-06-18 21:05:16.835,1.484
1750298716.855284,2025-06-18 21:05:16.855,1.4060000000000001
1750298716.869195,2025-06-18 21:05:16.869,1.351
1750298716.8860989,2025-06-18 21:05:16.886,1.297
1750298716.898719,2025-06-18 21:05:16.898,1.235
1750298716.9108999,2025-06-18 21:05:16.910,1.187
1750298716.923899,2025-06-18 21:05:16.923,1.135
1750298716.9345012,2025-06-18 21:05:16.934,1.094
1750298716.9450922,2025-06-18 21:05:16.945,1.051
1750298716.9565902,2025-06-18 21:05:16.956,1.006
1750298716.9692621,2025-06-18 21:05:16.969,0.9550000000000001
1750298716.981864,2025-06-18 21:05:16.981,0.905
1750298716.994443,2025-06-18 21:05:16.994,0.855
1750298717.007013,2025-06-18 21:05:17.007,0.805
1750298717.01958,2025-06-18 21:05:17.019,0.755
1750298717.032531,2025-06-18 21:05:17.032,0.704
1750298717.0435042,2025-06-18 21:05:17.043,0.66
1750298717.055378,2025-06-18 21:05:17.055,0.613
1750298717.065939,2025-06-18 21:05:17.065,0.5710000000000001
1750298717.077746,2025-06-18 21:05:17.077,0.524
1750298717.0904078,2025-06-18 21:05:17.090,0.47300000000000003
1750298717.100818,2025-06-18 21:05:17.100,0.431
1750298717.112332,2025-06-18 21:05:17.112,0.385
1750298717.1453838,2025-06-18 21:05:17.145,0.253
1750298717.158297,2025-06-18 21:05:17.158,0.201
1750298717.170845,2025-06-18 21:05:17.170,0.151
1750298717.183378,2025-06-18 21:05:17.183,0.101
1750298717.195982,2025-06-18 21:05:17.195,0.051000000000000004
1750298717.206448,2025-06-18 21:05:17.206,0.009000000000000001
1750298717.219031,2025-06-18 21:05:17.219,-0.04
1750298717.2316108,2025-06-18 21:05:17.231,-0.091
1750298717.24302,2025-06-18 21:05:17.243,-0.136
1750298717.255616,2025-06-18 21:05:17.255,-0.187
1750298717.2674801,2025-06-18 21:05:17.267,-0.234
1750298717.280104,2025-06-18 21:05:17.280,-0.28500000000000003
1750298717.291117,2025-06-18 21:05:17.291,-0.329
1750298717.303908,2025-06-18 21:05:17.303,-0.379
1750298717.3165581,2025-06-18 21:05:17.316,-0.43
1750298717.329244,2025-06-18 21:05:17.329,-0.481
1750298717.3411121,2025-06-18 21:05:17.341,-0.528
1750298717.3537128,2025-06-18 21:05:17.353,-0.579
1750298717.366291,2025-06-18 21:05:17.366,-0.629
1750298717.3788202,2025-06-18 21:05:17.378,-0.679
1750298717.3914309,2025-06-18 21:05:17.391,-0.729
1750298717.404029,2025-06-18 21:05:17.404,-0.779
1750298717.416594,2025-06-18 21:05:17.416,-0.8290000000000001
1750298717.428928,2025-06-18 21:05:17.428,-0.878
1750298717.441529,2025-06-18 21:05:17.441,-0.928
1750298717.454101,2025-06-18 21:05:17.454,-0.978
1750298717.4667032,2025-06-18 21:05:17.466,-1.028
1750298717.478266,2025-06-18 21:05:17.478,-1.074
1750298717.490148,2025-06-18 21:05:17.490,-1.121
1750298717.501916,2025-06-18 21:05:17.501,-1.168
